TASK_ID,COMPONENT,PROVIDER_OFF_SYNTHETIC,PROTECTED_CANARY,SEPARATE_AUTHORIZATION,FORBIDDEN_ACTION,PASS_EVIDENCE
OT-99,Rabbi login and portals,Authenticate synthetic Rabbi; navigate all portal surfaces with providers off,None required for login itself,Staging access authorization,Production declaration,"Session, role, page, and visible-action evidence tied to exact SHA"
OT-99,Telegram OT-84,Queue-disabled and credential-missing behavior; no core outage,One designated test bot message to designated test destination,Telegram canary authorization,Broad send,Provider-side message readback and idempotency correlation
OT-99,Zoom OT-88,Classroom actions disabled truthfully while core remains usable,One isolated test classroom with test participants,Zoom canary authorization,Production meeting mutation,Provider-side classroom readback and exact-SHA correlation
OT-99,Support producer OT-89A,Emit to stub or local contract fixture,One isolated event to authorized BNA test consumer,Support canary authorization,Production broad send or BNA code import,"Producer log, event ID, consumer acknowledgment when authorized"
OT-99,WhatsApp OT-85,Sandbox disabled and timeout behavior,One approved sandbox message to test number,WhatsApp canary authorization,Broad send or production contact import,Provider-side delivery readback and idempotency correlation
OT-99,Vimeo/content/KB OT-86A,Read-only pages and KB remain available without provider,Isolated test content or authorized read-only API validation,Vimeo canary authorization,Production content deletion,Provider readback or content fixture evidence
OT-99,Buffer OT-86B,Approval flow disabled truthfully without provider,Create one approval-only draft or review item,Buffer canary authorization,Automatic publication,Provider-side approval item readback; published state remains false
OT-99,Stripe OT-87,Entitlement UI and error handling with Stripe off,TEST-mode entitlement or test payment-method journey,Stripe TEST canary authorization,Live charge,Stripe TEST dashboard/API readback and mode proof
OT-99,Landing/signup/CRM,Complete core journeys with all providers blocked,No protected provider action required,Staging authorization,Provider dependency that breaks core flow,"Browser, accessibility, request, and performance evidence"
