TASK_ID,SEQUENCE,SOURCE,AUDITED_PATTERN,APPLIED_RULE,DETERMINISTIC_SORT_KEY,RENUMBER_ACTION,LEDGER_ACTION,POSTGRES16_PROOF
OT-99,0,OT-83R base,Repository-defined baseline,Every identifier in selected base is fixed,Not applicable,Never rename base migrations,Preserve authoritative checksums and ledger,Fresh install and selected OT-83R upgrade baseline
OT-99,1,OT-84,2000_*,Keep any identifier proven applied; otherwise eligible for deterministic renumber,merge order; original prefix; lexical path; source SHA,Allocate smallest free number above highest fixed identifier,"Update all checksums, registries, docs, snapshots, fixtures",Upgrade from OT-83R and any verified OT-84 applied state
OT-99,2,OT-88,Discover at runtime,Same applied protection,merge order; original prefix; lexical path; source SHA,Renumber only collisions,Update actual repository ledgers,Upgrade from OT-84 and OT-88 checkpoint state
OT-99,3,OT-89A,Discover at runtime,Same applied protection,merge order; original prefix; lexical path; source SHA,Renumber only collisions,Update actual repository ledgers,Upgrade from OT-84 and OT-89A checkpoint state
OT-99,4,OT-85,2000_*,Keep any identifier proven applied; otherwise eligible for deterministic renumber,merge order; original prefix; lexical path; source SHA,Allocate next free number,Update all checksums and references,Upgrade from OT-83R and any verified OT-85 applied state
OT-99,5,OT-86A,2000_*,Keep any identifier proven applied; otherwise eligible for deterministic renumber,merge order; original prefix; lexical path; source SHA,Allocate next free number,Update all checksums and references,Upgrade from OT-83R and any verified OT-86A applied state
OT-99,6,OT-86B,2100_*,Keep any identifier proven applied; otherwise include when colliding or ordering is inconsistent,merge order; original prefix; lexical path; source SHA,Allocate next free number after OT-86A sequence,Update all checksums and references,Upgrade from OT-86A and any verified OT-86B applied state
OT-99,7,OT-87,2000_*,Keep any identifier proven applied; otherwise eligible for deterministic renumber,merge order; original prefix; lexical path; source SHA,Allocate next free number,Update all checksums and references,Upgrade from OT-83R and any verified OT-87 applied state
OT-99,final,OT-99,All integrated migrations,No fixed applied identifier may change,Final assigned number and lexical path,Verify unique monotonic order and checksum map,Write artifacts/OT-99/migrations/renumber-map.json,Fresh install; every distinct verified upgrade path; rollback or forward-fix; reapply; data preservation; concurrent startup
