task_id,stable_id,label,roles,capabilities,route,component,read_write,control_type,method,handler_endpoint,confirmation_required,idempotency_required,audit_required,audit_event,provider_mode,required_readiness,current_audit_state,owner,positive_tests,negative_tests
OPS-06,public.header.home,One Time Mishnayos home,anonymous,public:landing:read,/,PublicHeader,read,link,GET,/,false,false,false,,not_applicable,ready,found,web-public,OPS-06 positive: One Time Mishnayos home completes through the declared handler and persisted state matches the UI.,OPS-06 negative: unauthorized or invalid use of One Time Mishnayos home is denied without state mutation. || OPS-06 negative: offline/session-expired use of One Time Mishnayos home does not leak or duplicate protected state.
OPS-06,public.header.login,Member Login,anonymous,auth:login:start,/,PublicHeader,read,link,GET,/login,false,false,false,,not_applicable,ready,found,auth,OPS-06 positive: Member Login completes through the declared handler and persisted state matches the UI.,OPS-06 negative: unauthorized or invalid use of Member Login is denied without state mutation. || OPS-06 negative: offline/session-expired use of Member Login does not leak or duplicate protected state.
OPS-06,public.header.signup,Sign Up Now,anonymous,public:signup:read,/,PublicHeader,read,link,GET,/signup,false,false,false,,not_applicable,ready,found,web-public,OPS-06 positive: Sign Up Now completes through the declared handler and persisted state matches the UI.,OPS-06 negative: unauthorized or invalid use of Sign Up Now is denied without state mutation. || OPS-06 negative: offline/session-expired use of Sign Up Now does not leak or duplicate protected state.
OPS-06,public.nav.open,Open navigation,anonymous,public:navigation,/,PublicDrawer,read,button,CLIENT,openDrawer,false,false,false,,not_applicable,ready,found,web-public,OPS-06 positive: Open navigation completes through the declared handler and persisted state matches the UI.,OPS-06 negative: unauthorized or invalid use of Open navigation is denied without state mutation. || OPS-06 negative: offline/session-expired use of Open navigation does not leak or duplicate protected state.
OPS-06,public.nav.close,Close navigation,anonymous,public:navigation,/,PublicDrawer,read,button,CLIENT,closeDrawer,false,false,false,,not_applicable,ready,found,web-public,OPS-06 positive: Close navigation completes through the declared handler and persisted state matches the UI.,OPS-06 negative: unauthorized or invalid use of Close navigation is denied without state mutation. || OPS-06 negative: offline/session-expired use of Close navigation does not leak or duplicate protected state.
OPS-06,public.nav.receive,What You Receive,anonymous,public:navigation,/,PublicDrawer,read,link,GET,/#receive,false,false,false,,not_applicable,ready,found,web-public,OPS-06 positive: What You Receive completes through the declared handler and persisted state matches the UI.,OPS-06 negative: unauthorized or invalid use of What You Receive is denied without state mutation. || OPS-06 negative: offline/session-expired use of What You Receive does not leak or duplicate protected state.
OPS-06,public.nav.gain,What He'll Gain,anonymous,public:navigation,/,PublicDrawer,read,link,GET,/#gain,false,false,false,,not_applicable,ready,found,web-public,OPS-06 positive: What He'll Gain completes through the declared handler and persisted state matches the UI.,OPS-06 negative: unauthorized or invalid use of What He'll Gain is denied without state mutation. || OPS-06 negative: offline/session-expired use of What He'll Gain does not leak or duplicate protected state.
OPS-06,public.nav.how,How It Works,anonymous,public:navigation,/,PublicDrawer,read,link,GET,/#how-it-works,false,false,false,,not_applicable,ready,found,web-public,OPS-06 positive: How It Works completes through the declared handler and persisted state matches the UI.,OPS-06 negative: unauthorized or invalid use of How It Works is denied without state mutation. || OPS-06 negative: offline/session-expired use of How It Works does not leak or duplicate protected state.
OPS-06,public.nav.who,Who It's For,anonymous,public:navigation,/,PublicDrawer,read,link,GET,/#who,false,false,false,,not_applicable,ready,found,web-public,OPS-06 positive: Who It's For completes through the declared handler and persisted state matches the UI.,OPS-06 negative: unauthorized or invalid use of Who It's For is denied without state mutation. || OPS-06 negative: offline/session-expired use of Who It's For does not leak or duplicate protected state.
OPS-06,public.nav.rabbi,Rabbi Scheller,anonymous,public:navigation,/,PublicDrawer,read,link,GET,/#rabbi,false,false,false,,not_applicable,ready,found,web-public,OPS-06 positive: Rabbi Scheller completes through the declared handler and persisted state matches the UI.,OPS-06 negative: unauthorized or invalid use of Rabbi Scheller is denied without state mutation. || OPS-06 negative: offline/session-expired use of Rabbi Scheller does not leak or duplicate protected state.
OPS-06,public.ticker.signup,Join free until Rosh Hashanah,anonymous,public:signup:read,/,CampaignTicker,read,link,GET,/signup,false,false,false,,not_applicable,ready,found,web-public,OPS-06 positive: Join free until Rosh Hashanah completes through the declared handler and persisted state matches the UI.,OPS-06 negative: unauthorized or invalid use of Join free until Rosh Hashanah is denied without state mutation. || OPS-06 negative: offline/session-expired use of Join free until Rosh Hashanah does not leak or duplicate protected state.
OPS-06,public.hero.signup,Sign Up Now,anonymous,public:signup:read,/,LandingHero,read,link,GET,/signup,false,false,false,,not_applicable,ready,found,web-public,OPS-06 positive: Sign Up Now completes through the declared handler and persisted state matches the UI.,OPS-06 negative: unauthorized or invalid use of Sign Up Now is denied without state mutation. || OPS-06 negative: offline/session-expired use of Sign Up Now does not leak or duplicate protected state.
OPS-06,public.final.signup,Sign Up Now,anonymous,public:signup:read,/,LandingFinalCta,read,link,GET,/signup,false,false,false,,not_applicable,ready,found,web-public,OPS-06 positive: Sign Up Now completes through the declared handler and persisted state matches the UI.,OPS-06 negative: unauthorized or invalid use of Sign Up Now is denied without state mutation. || OPS-06 negative: offline/session-expired use of Sign Up Now does not leak or duplicate protected state.
OPS-06,public.gallery.previous,Previous teaching photo,anonymous,public:gallery:navigate,/,TeachingGallery,read,button,CLIENT,gallery.previous,false,false,false,,not_applicable,ready,found,web-public,OPS-06 positive: Previous teaching photo completes through the declared handler and persisted state matches the UI.,OPS-06 negative: unauthorized or invalid use of Previous teaching photo is denied without state mutation. || OPS-06 negative: offline/session-expired use of Previous teaching photo does not leak or duplicate protected state.
OPS-06,public.gallery.next,Next teaching photo,anonymous,public:gallery:navigate,/,TeachingGallery,read,button,CLIENT,gallery.next,false,false,false,,not_applicable,ready,found,web-public,OPS-06 positive: Next teaching photo completes through the declared handler and persisted state matches the UI.,OPS-06 negative: unauthorized or invalid use of Next teaching photo is denied without state mutation. || OPS-06 negative: offline/session-expired use of Next teaching photo does not leak or duplicate protected state.
OPS-06,public.gallery.dot.1,Show Atlanta teaching photo,anonymous,public:gallery:navigate,/,TeachingGallery,read,button,CLIENT,gallery.show(0),false,false,false,,not_applicable,ready,found,web-public,OPS-06 positive: Show Atlanta teaching photo completes through the declared handler and persisted state matches the UI.,OPS-06 negative: unauthorized or invalid use of Show Atlanta teaching photo is denied without state mutation. || OPS-06 negative: offline/session-expired use of Show Atlanta teaching photo does not leak or duplicate protected state.
OPS-06,public.gallery.dot.2,Show Baltimore teaching photo,anonymous,public:gallery:navigate,/,TeachingGallery,read,button,CLIENT,gallery.show(1),false,false,false,,not_applicable,ready,found,web-public,OPS-06 positive: Show Baltimore teaching photo completes through the declared handler and persisted state matches the UI.,OPS-06 negative: unauthorized or invalid use of Show Baltimore teaching photo is denied without state mutation. || OPS-06 negative: offline/session-expired use of Show Baltimore teaching photo does not leak or duplicate protected state.
OPS-06,public.gallery.dot.3,Show Flatbush teaching photo,anonymous,public:gallery:navigate,/,TeachingGallery,read,button,CLIENT,gallery.show(2),false,false,false,,not_applicable,ready,found,web-public,OPS-06 positive: Show Flatbush teaching photo completes through the declared handler and persisted state matches the UI.,OPS-06 negative: unauthorized or invalid use of Show Flatbush teaching photo is denied without state mutation. || OPS-06 negative: offline/session-expired use of Show Flatbush teaching photo does not leak or duplicate protected state.
OPS-06,public.gallery.dot.4,Show Hollywood teaching photo,anonymous,public:gallery:navigate,/,TeachingGallery,read,button,CLIENT,gallery.show(3),false,false,false,,not_applicable,ready,found,web-public,OPS-06 positive: Show Hollywood teaching photo completes through the declared handler and persisted state matches the UI.,OPS-06 negative: unauthorized or invalid use of Show Hollywood teaching photo is denied without state mutation. || OPS-06 negative: offline/session-expired use of Show Hollywood teaching photo does not leak or duplicate protected state.
OPS-06,public.gallery.dot.5,Show Lakewood teaching photo,anonymous,public:gallery:navigate,/,TeachingGallery,read,button,CLIENT,gallery.show(4),false,false,false,,not_applicable,ready,found,web-public,OPS-06 positive: Show Lakewood teaching photo completes through the declared handler and persisted state matches the UI.,OPS-06 negative: unauthorized or invalid use of Show Lakewood teaching photo is denied without state mutation. || OPS-06 negative: offline/session-expired use of Show Lakewood teaching photo does not leak or duplicate protected state.
OPS-06,public.gallery.dot.6,Show Miami teaching photo,anonymous,public:gallery:navigate,/,TeachingGallery,read,button,CLIENT,gallery.show(5),false,false,false,,not_applicable,ready,found,web-public,OPS-06 positive: Show Miami teaching photo completes through the declared handler and persisted state matches the UI.,OPS-06 negative: unauthorized or invalid use of Show Miami teaching photo is denied without state mutation. || OPS-06 negative: offline/session-expired use of Show Miami teaching photo does not leak or duplicate protected state.
OPS-06,public.gallery.dot.7,Show Philadelphia teaching photo,anonymous,public:gallery:navigate,/,TeachingGallery,read,button,CLIENT,gallery.show(6),false,false,false,,not_applicable,ready,found,web-public,OPS-06 positive: Show Philadelphia teaching photo completes through the declared handler and persisted state matches the UI.,OPS-06 negative: unauthorized or invalid use of Show Philadelphia teaching photo is denied without state mutation. || OPS-06 negative: offline/session-expired use of Show Philadelphia teaching photo does not leak or duplicate protected state.
OPS-06,public.gallery.dot.8,Show Silver Spring teaching photo,anonymous,public:gallery:navigate,/,TeachingGallery,read,button,CLIENT,gallery.show(7),false,false,false,,not_applicable,ready,found,web-public,OPS-06 positive: Show Silver Spring teaching photo completes through the declared handler and persisted state matches the UI.,OPS-06 negative: unauthorized or invalid use of Show Silver Spring teaching photo is denied without state mutation. || OPS-06 negative: offline/session-expired use of Show Silver Spring teaching photo does not leak or duplicate protected state.
OPS-06,public.footer.home,Home,anonymous,public:navigation,*public,PublicFooter,read,link,GET,/,false,false,false,,not_applicable,ready,found,web-public,OPS-06 positive: Home completes through the declared handler and persisted state matches the UI.,OPS-06 negative: unauthorized or invalid use of Home is denied without state mutation. || OPS-06 negative: offline/session-expired use of Home does not leak or duplicate protected state.
OPS-06,public.footer.signup,Sign Up Now,anonymous,public:navigation,*public,PublicFooter,read,link,GET,/signup,false,false,false,,not_applicable,ready,found,web-public,OPS-06 positive: Sign Up Now completes through the declared handler and persisted state matches the UI.,OPS-06 negative: unauthorized or invalid use of Sign Up Now is denied without state mutation. || OPS-06 negative: offline/session-expired use of Sign Up Now does not leak or duplicate protected state.
OPS-06,public.footer.privacy,Privacy,anonymous,public:navigation,*public,PublicFooter,read,link,GET,/privacy,false,false,false,,not_applicable,ready,found,web-public,OPS-06 positive: Privacy completes through the declared handler and persisted state matches the UI.,OPS-06 negative: unauthorized or invalid use of Privacy is denied without state mutation. || OPS-06 negative: offline/session-expired use of Privacy does not leak or duplicate protected state.
OPS-06,public.footer.terms,Terms,anonymous,public:navigation,*public,PublicFooter,read,link,GET,/terms,false,false,false,,not_applicable,ready,found,web-public,OPS-06 positive: Terms completes through the declared handler and persisted state matches the UI.,OPS-06 negative: unauthorized or invalid use of Terms is denied without state mutation. || OPS-06 negative: offline/session-expired use of Terms does not leak or duplicate protected state.
OPS-06,public.footer.login,Member Login,anonymous,public:navigation,*public,PublicFooter,read,link,GET,/login,false,false,false,,not_applicable,ready,found,web-public,OPS-06 positive: Member Login completes through the declared handler and persisted state matches the UI.,OPS-06 negative: unauthorized or invalid use of Member Login is denied without state mutation. || OPS-06 negative: offline/session-expired use of Member Login does not leak or duplicate protected state.
OPS-06,signup.field.contact_name,Parent or contact name,anonymous,leads:create,/signup,SignupForm,write,input,CLIENT,form.contact_name,false,false,false,,not_applicable,ready,found,lead-capture,OPS-06 positive: Parent or contact name completes through the declared handler and persisted state matches the UI.,OPS-06 negative: unauthorized or invalid use of Parent or contact name is denied without state mutation. || OPS-06 negative: offline/session-expired use of Parent or contact name does not leak or duplicate protected state.
OPS-06,signup.field.family_or_school,Family or School,anonymous,leads:create,/signup,SignupForm,write,input,CLIENT,form.family_or_school,false,false,false,,not_applicable,ready,found,lead-capture,OPS-06 positive: Family or School completes through the declared handler and persisted state matches the UI.,OPS-06 negative: unauthorized or invalid use of Family or School is denied without state mutation. || OPS-06 negative: offline/session-expired use of Family or School does not leak or duplicate protected state.
OPS-06,signup.field.location,Location,anonymous,leads:create,/signup,SignupForm,write,input,CLIENT,form.location,false,false,false,,not_applicable,ready,found,lead-capture,OPS-06 positive: Location completes through the declared handler and persisted state matches the UI.,OPS-06 negative: unauthorized or invalid use of Location is denied without state mutation. || OPS-06 negative: offline/session-expired use of Location does not leak or duplicate protected state.
OPS-06,signup.field.timezone_fallback,Time zone,anonymous,leads:create,/signup,SignupForm,write,input,CLIENT,form.timezone_fallback,false,false,false,,not_applicable,ready,found,lead-capture,OPS-06 positive: Time zone completes through the declared handler and persisted state matches the UI.,OPS-06 negative: unauthorized or invalid use of Time zone is denied without state mutation. || OPS-06 negative: offline/session-expired use of Time zone does not leak or duplicate protected state.
OPS-06,signup.field.email,Email,anonymous,leads:create,/signup,SignupForm,write,input,CLIENT,form.email,false,false,false,,not_applicable,ready,found,lead-capture,OPS-06 positive: Email completes through the declared handler and persisted state matches the UI.,OPS-06 negative: unauthorized or invalid use of Email is denied without state mutation. || OPS-06 negative: offline/session-expired use of Email does not leak or duplicate protected state.
OPS-06,signup.field.phone,Phone / WhatsApp,anonymous,leads:create,/signup,SignupForm,write,input,CLIENT,form.phone,false,false,false,,not_applicable,ready,found,lead-capture,OPS-06 positive: Phone / WhatsApp completes through the declared handler and persisted state matches the UI.,OPS-06 negative: unauthorized or invalid use of Phone / WhatsApp is denied without state mutation. || OPS-06 negative: offline/session-expired use of Phone / WhatsApp does not leak or duplicate protected state.
OPS-06,signup.audience.family,Family,anonymous,leads:create,/signup,SignupForm,write,radio,CLIENT,form.audience_type=family,false,false,false,,not_applicable,ready,found,lead-capture,OPS-06 positive: Family completes through the declared handler and persisted state matches the UI.,OPS-06 negative: unauthorized or invalid use of Family is denied without state mutation. || OPS-06 negative: offline/session-expired use of Family does not leak or duplicate protected state.
OPS-06,signup.audience.school,School,anonymous,leads:create,/signup,SignupForm,write,radio,CLIENT,form.audience_type=school,false,false,false,,not_applicable,ready,found,lead-capture,OPS-06 positive: School completes through the declared handler and persisted state matches the UI.,OPS-06 negative: unauthorized or invalid use of School is denied without state mutation. || OPS-06 negative: offline/session-expired use of School does not leak or duplicate protected state.
OPS-06,signup.reminder.email,Email reminders,anonymous,leads:create,/signup,SignupForm,write,radio,CLIENT,form.reminder_preference=email,false,false,false,,not_applicable,ready,found,lead-capture,OPS-06 positive: Email reminders completes through the declared handler and persisted state matches the UI.,OPS-06 negative: unauthorized or invalid use of Email reminders is denied without state mutation. || OPS-06 negative: offline/session-expired use of Email reminders does not leak or duplicate protected state.
OPS-06,signup.reminder.whatsapp,WhatsApp reminders,anonymous,leads:create,/signup,SignupForm,write,radio,CLIENT,form.reminder_preference=whatsapp,false,false,false,,not_applicable,ready,found,lead-capture,OPS-06 positive: WhatsApp reminders completes through the declared handler and persisted state matches the UI.,OPS-06 negative: unauthorized or invalid use of WhatsApp reminders is denied without state mutation. || OPS-06 negative: offline/session-expired use of WhatsApp reminders does not leak or duplicate protected state.
OPS-06,signup.reminder.both,Email and WhatsApp reminders,anonymous,leads:create,/signup,SignupForm,write,radio,CLIENT,form.reminder_preference=both,false,false,false,,not_applicable,ready,found,lead-capture,OPS-06 positive: Email and WhatsApp reminders completes through the declared handler and persisted state matches the UI.,OPS-06 negative: unauthorized or invalid use of Email and WhatsApp reminders is denied without state mutation. || OPS-06 negative: offline/session-expired use of Email and WhatsApp reminders does not leak or duplicate protected state.
OPS-06,signup.reminder.none,No daily reminders,anonymous,leads:create,/signup,SignupForm,write,radio,CLIENT,form.reminder_preference=none,false,false,false,,not_applicable,ready,found,lead-capture,OPS-06 positive: No daily reminders completes through the declared handler and persisted state matches the UI.,OPS-06 negative: unauthorized or invalid use of No daily reminders is denied without state mutation. || OPS-06 negative: offline/session-expired use of No daily reminders does not leak or duplicate protected state.
OPS-06,signup.reminder.consent,Reminder consent,anonymous,leads:create,/signup,SignupForm,write,checkbox,CLIENT,form.reminder_consent,false,false,false,,not_applicable,ready,found,lead-capture,OPS-06 positive: Reminder consent completes through the declared handler and persisted state matches the UI.,OPS-06 negative: unauthorized or invalid use of Reminder consent is denied without state mutation. || OPS-06 negative: offline/session-expired use of Reminder consent does not leak or duplicate protected state.
OPS-06,signup.submit,Sign Up Now,anonymous,leads:create,/signup,SignupForm,write,submit,POST,/api/v1/leads,false,true,true,lead_captured,provider_off,ready,found,lead-capture,OPS-06 positive: Sign Up Now completes through the declared handler and persisted state matches the UI.,OPS-06 negative: unauthorized or invalid use of Sign Up Now is denied without state mutation. || OPS-06 negative: offline/session-expired use of Sign Up Now does not leak or duplicate protected state.
OPS-06,activation.owner.accept,Activate owner account,anonymous,auth:activation:complete,/activate/:token,AccountActivationForm,write,submit,POST,/api/v1/auth/activations/:token/complete,true,true,true,account_activated,not_applicable,ready,partial,auth,OPS-06 positive: Activate owner account completes through the declared handler and persisted state matches the UI.,OPS-06 negative: unauthorized or invalid use of Activate owner account is denied without state mutation. || OPS-06 negative: offline/session-expired use of Activate owner account does not leak or duplicate protected state.
OPS-06,activation.administrator.accept,Activate administrator account,anonymous,auth:activation:complete,/activate/:token,AccountActivationForm,write,submit,POST,/api/v1/auth/activations/:token/complete,true,true,true,account_activated,not_applicable,ready,partial,auth,OPS-06 positive: Activate administrator account completes through the declared handler and persisted state matches the UI.,OPS-06 negative: unauthorized or invalid use of Activate administrator account is denied without state mutation. || OPS-06 negative: offline/session-expired use of Activate administrator account does not leak or duplicate protected state.
OPS-06,activation.parent.accept,Activate parent account,anonymous,auth:activation:complete,/activate/:token,AccountActivationForm,write,submit,POST,/api/v1/auth/activations/:token/complete,true,true,true,account_activated,not_applicable,ready,partial,auth,OPS-06 positive: Activate parent account completes through the declared handler and persisted state matches the UI.,OPS-06 negative: unauthorized or invalid use of Activate parent account is denied without state mutation. || OPS-06 negative: offline/session-expired use of Activate parent account does not leak or duplicate protected state.
OPS-06,activation.student.accept,Activate student account,anonymous,auth:activation:complete,/activate/:token,AccountActivationForm,write,submit,POST,/api/v1/auth/activations/:token/complete,true,true,true,account_activated,not_applicable,ready,partial,auth,OPS-06 positive: Activate student account completes through the declared handler and persisted state matches the UI.,OPS-06 negative: unauthorized or invalid use of Activate student account is denied without state mutation. || OPS-06 negative: offline/session-expired use of Activate student account does not leak or duplicate protected state.
OPS-06,auth.login.email,Email,anonymous,auth:login:start,/login,LoginForm,write,input,CLIENT,form.email,false,false,false,,not_applicable,ready,found,auth,OPS-06 positive: Email completes through the declared handler and persisted state matches the UI.,OPS-06 negative: unauthorized or invalid use of Email is denied without state mutation. || OPS-06 negative: offline/session-expired use of Email does not leak or duplicate protected state.
OPS-06,auth.login.password,Password,anonymous,auth:login:start,/login,LoginForm,write,input,CLIENT,form.password,false,false,false,,not_applicable,ready,found,auth,OPS-06 positive: Password completes through the declared handler and persisted state matches the UI.,OPS-06 negative: unauthorized or invalid use of Password is denied without state mutation. || OPS-06 negative: offline/session-expired use of Password does not leak or duplicate protected state.
OPS-06,auth.login.submit,Login,anonymous,auth:login:complete,/login,LoginForm,write,submit,POST,/api/v1/auth/login,false,false,true,login_succeeded,not_applicable,ready,found,auth,OPS-06 positive: Login completes through the declared handler and persisted state matches the UI.,OPS-06 negative: unauthorized or invalid use of Login is denied without state mutation. || OPS-06 negative: offline/session-expired use of Login does not leak or duplicate protected state.
OPS-06,auth.mfa.code,Authenticator code,anonymous,auth:mfa:complete,/login,MfaChallengeForm,write,input,CLIENT,form.totp_code,false,false,false,,not_applicable,ready,found,auth,OPS-06 positive: Authenticator code completes through the declared handler and persisted state matches the UI.,OPS-06 negative: unauthorized or invalid use of Authenticator code is denied without state mutation. || OPS-06 negative: offline/session-expired use of Authenticator code does not leak or duplicate protected state.
OPS-06,auth.mfa.submit,Verify,anonymous,auth:mfa:complete,/login,MfaChallengeForm,write,submit,POST,/api/v1/auth/mfa/challenge,false,false,true,mfa_challenge_succeeded,not_applicable,ready,found,auth,OPS-06 positive: Verify completes through the declared handler and persisted state matches the UI.,OPS-06 negative: unauthorized or invalid use of Verify is denied without state mutation. || OPS-06 negative: offline/session-expired use of Verify does not leak or duplicate protected state.
OPS-06,auth.logout,Logout,owner|admin|parent|student,auth:session:revoke,*protected,AppShell,write,button,POST,/api/v1/auth/logout,false,true,true,logout,not_applicable,ready,found,auth,OPS-06 positive: Logout completes through the declared handler and persisted state matches the UI.,OPS-06 negative: unauthorized or invalid use of Logout is denied without state mutation. || OPS-06 negative: offline/session-expired use of Logout does not leak or duplicate protected state.
OPS-06,dashboard.view,Dashboard,owner|admin,dashboard:read,/app/dashboard,OwnerDashboard,read,route,GET,/api/v1/dashboard/owner,false,false,false,,not_applicable,ready,found,dashboard,OPS-06 positive: Dashboard completes through the declared handler and persisted state matches the UI.,OPS-06 negative: unauthorized or invalid use of Dashboard is denied without state mutation. || OPS-06 negative: offline/session-expired use of Dashboard does not leak or duplicate protected state.
OPS-06,dashboard.refresh,Refresh dashboard,owner|admin,dashboard:read,/app/dashboard,OwnerDashboard,read,button,GET,/api/v1/dashboard/owner,false,false,false,,not_applicable,ready,found,dashboard,OPS-06 positive: Refresh dashboard completes through the declared handler and persisted state matches the UI.,OPS-06 negative: unauthorized or invalid use of Refresh dashboard is denied without state mutation. || OPS-06 negative: offline/session-expired use of Refresh dashboard does not leak or duplicate protected state.
OPS-06,dashboard.nav.crm,CRM,owner|admin,crm:contacts:read,/app/dashboard,OwnerDashboard,read,link,GET,/app/crm,false,false,false,,not_applicable,ready,found,crm,OPS-06 positive: CRM completes through the declared handler and persisted state matches the UI.,OPS-06 negative: unauthorized or invalid use of CRM is denied without state mutation. || OPS-06 negative: offline/session-expired use of CRM does not leak or duplicate protected state.
OPS-06,dashboard.nav.communications,Communications,owner|admin,communications:read,/app/dashboard,OwnerDashboard,read,link,GET,/app/communications,false,false,false,,not_applicable,ready,found,communications,OPS-06 positive: Communications completes through the declared handler and persisted state matches the UI.,OPS-06 negative: unauthorized or invalid use of Communications is denied without state mutation. || OPS-06 negative: offline/session-expired use of Communications does not leak or duplicate protected state.
OPS-06,dashboard.nav.tasks,Tasks,owner|admin,tasks:read,/app/dashboard,OwnerDashboard,read,link,GET,/app/tasks,false,false,false,,not_applicable,ready,missing,tasks,OPS-06 positive: Tasks completes through the declared handler and persisted state matches the UI.,OPS-06 negative: unauthorized or invalid use of Tasks is denied without state mutation. || OPS-06 negative: offline/session-expired use of Tasks does not leak or duplicate protected state.
OPS-06,dashboard.nav.households,Households,owner|admin,households:read,/app/dashboard,OwnerDashboard,read,link,GET,/app/households,false,false,false,,not_applicable,ready,partial,households,OPS-06 positive: Households completes through the declared handler and persisted state matches the UI.,OPS-06 negative: unauthorized or invalid use of Households is denied without state mutation. || OPS-06 negative: offline/session-expired use of Households does not leak or duplicate protected state.
OPS-06,dashboard.nav.content,Content Library,owner|admin,content:library:read,/app/dashboard,OwnerDashboard,read,link,GET,/app/content,false,false,false,,not_applicable,ready,found,content-library,OPS-06 positive: Content Library completes through the declared handler and persisted state matches the UI.,OPS-06 negative: unauthorized or invalid use of Content Library is denied without state mutation. || OPS-06 negative: offline/session-expired use of Content Library does not leak or duplicate protected state.
OPS-06,dashboard.nav.billing,Billing status,owner|admin,billing:status:read,/app/dashboard,OwnerDashboard,read,link,GET,/app/billing,false,false,false,,not_applicable,ready,found,billing-status,OPS-06 positive: Billing status completes through the declared handler and persisted state matches the UI.,OPS-06 negative: unauthorized or invalid use of Billing status is denied without state mutation. || OPS-06 negative: offline/session-expired use of Billing status does not leak or duplicate protected state.
OPS-06,crm.view,CRM,owner|admin,crm:contacts:read,/app/crm,CrmList,read,route,GET,/api/v1/crm/contacts,false,false,false,,not_applicable,ready,found,crm,OPS-06 positive: CRM completes through the declared handler and persisted state matches the UI.,OPS-06 negative: unauthorized or invalid use of CRM is denied without state mutation. || OPS-06 negative: offline/session-expired use of CRM does not leak or duplicate protected state.
OPS-06,crm.search.input,Search,owner|admin,crm:contacts:search,/app/crm,CrmFilters,read,input,CLIENT,crm.search,false,false,false,,not_applicable,ready,found,crm,OPS-06 positive: Search completes through the declared handler and persisted state matches the UI.,OPS-06 negative: unauthorized or invalid use of Search is denied without state mutation. || OPS-06 negative: offline/session-expired use of Search does not leak or duplicate protected state.
OPS-06,crm.search.apply,Apply,owner|admin,crm:contacts:search,/app/crm,CrmFilters,read,button,POST,/api/v1/crm/contacts/search,false,false,false,,not_applicable,ready,found,crm,OPS-06 positive: Apply completes through the declared handler and persisted state matches the UI.,OPS-06 negative: unauthorized or invalid use of Apply is denied without state mutation. || OPS-06 negative: offline/session-expired use of Apply does not leak or duplicate protected state.
OPS-06,crm.filter.classification,Classification,owner|admin,crm:contacts:search,/app/crm,CrmFilters,read,select,CLIENT,crm.filter.classification,false,false,false,,not_applicable,ready,found,crm,OPS-06 positive: Classification completes through the declared handler and persisted state matches the UI.,OPS-06 negative: unauthorized or invalid use of Classification is denied without state mutation. || OPS-06 negative: offline/session-expired use of Classification does not leak or duplicate protected state.
OPS-06,crm.filter.status,Lead status,owner|admin,crm:contacts:search,/app/crm,CrmFilters,read,select,CLIENT,crm.filter.status,false,false,false,,not_applicable,ready,found,crm,OPS-06 positive: Lead status completes through the declared handler and persisted state matches the UI.,OPS-06 negative: unauthorized or invalid use of Lead status is denied without state mutation. || OPS-06 negative: offline/session-expired use of Lead status does not leak or duplicate protected state.
OPS-06,crm.filter.source,Source,owner|admin,crm:contacts:search,/app/crm,CrmFilters,read,select,CLIENT,crm.filter.source,false,false,false,,not_applicable,ready,found,crm,OPS-06 positive: Source completes through the declared handler and persisted state matches the UI.,OPS-06 negative: unauthorized or invalid use of Source is denied without state mutation. || OPS-06 negative: offline/session-expired use of Source does not leak or duplicate protected state.
OPS-06,crm.filter.assignee,Assignee,owner|admin,crm:contacts:search,/app/crm,CrmFilters,read,select,CLIENT,crm.filter.assignee,false,false,false,,not_applicable,ready,found,crm,OPS-06 positive: Assignee completes through the declared handler and persisted state matches the UI.,OPS-06 negative: unauthorized or invalid use of Assignee is denied without state mutation. || OPS-06 negative: offline/session-expired use of Assignee does not leak or duplicate protected state.
OPS-06,crm.filter.sort,Sort,owner|admin,crm:contacts:search,/app/crm,CrmFilters,read,select,CLIENT,crm.filter.sort,false,false,false,,not_applicable,ready,found,crm,OPS-06 positive: Sort completes through the declared handler and persisted state matches the UI.,OPS-06 negative: unauthorized or invalid use of Sort is denied without state mutation. || OPS-06 negative: offline/session-expired use of Sort does not leak or duplicate protected state.
OPS-06,crm.filters.clear,Clear filters,owner|admin,crm:contacts:search,/app/crm,CrmFilters,read,button,CLIENT,crm.clearFilters,false,false,false,,not_applicable,ready,found,crm,OPS-06 positive: Clear filters completes through the declared handler and persisted state matches the UI.,OPS-06 negative: unauthorized or invalid use of Clear filters is denied without state mutation. || OPS-06 negative: offline/session-expired use of Clear filters does not leak or duplicate protected state.
OPS-06,crm.pagination.next,Next page,owner|admin,crm:contacts:read,/app/crm,CrmList,read,button,POST,/api/v1/crm/contacts/search,false,false,false,,not_applicable,ready,found,crm,OPS-06 positive: Next page completes through the declared handler and persisted state matches the UI.,OPS-06 negative: unauthorized or invalid use of Next page is denied without state mutation. || OPS-06 negative: offline/session-expired use of Next page does not leak or duplicate protected state.
OPS-06,crm.contact.add,Add contact,owner|admin,crm:contacts:create,/app/crm,CrmListToolbar,write,button,CLIENT,crm.openCreateContact,false,false,false,,not_applicable,ready,found,crm,OPS-06 positive: Add contact completes through the declared handler and persisted state matches the UI.,OPS-06 negative: unauthorized or invalid use of Add contact is denied without state mutation. || OPS-06 negative: offline/session-expired use of Add contact does not leak or duplicate protected state.
OPS-06,crm.contact.open,Open CRM contact,owner|admin,crm:contacts:read,/app/crm,CrmList,read,button,GET,/api/v1/crm/contacts/:contactId,false,false,false,,not_applicable,ready,found,crm,OPS-06 positive: Open CRM contact completes through the declared handler and persisted state matches the UI.,OPS-06 negative: unauthorized or invalid use of Open CRM contact is denied without state mutation. || OPS-06 negative: offline/session-expired use of Open CRM contact does not leak or duplicate protected state.
OPS-06,crm.contact.back,Back to CRM,owner|admin,crm:contacts:read,/app/crm/contacts/:contactId,CrmDetail,read,button,CLIENT,history.backOrCrm,false,false,false,,not_applicable,ready,found,crm,OPS-06 positive: Back to CRM completes through the declared handler and persisted state matches the UI.,OPS-06 negative: unauthorized or invalid use of Back to CRM is denied without state mutation. || OPS-06 negative: offline/session-expired use of Back to CRM does not leak or duplicate protected state.
OPS-06,crm.contact.edit,Edit,owner|admin,crm:contacts:update,/app/crm/contacts/:contactId,CrmDetail,write,button,CLIENT,crm.openEditContact,false,false,false,,not_applicable,ready,found,crm,OPS-06 positive: Edit completes through the declared handler and persisted state matches the UI.,OPS-06 negative: unauthorized or invalid use of Edit is denied without state mutation. || OPS-06 negative: offline/session-expired use of Edit does not leak or duplicate protected state.
OPS-06,crm.contact.form.display_name,Name,owner|admin,crm:contacts:update,/app/crm/contacts/:contactId,CrmContactForm,write,input,CLIENT,form.display_name,false,false,false,,not_applicable,ready,found,crm,OPS-06 positive: Name completes through the declared handler and persisted state matches the UI.,OPS-06 negative: unauthorized or invalid use of Name is denied without state mutation. || OPS-06 negative: offline/session-expired use of Name does not leak or duplicate protected state.
OPS-06,crm.contact.form.classification,Type,owner|admin,crm:contacts:update,/app/crm/contacts/:contactId,CrmContactForm,write,select,CLIENT,form.classification,false,false,false,,not_applicable,ready,found,crm,OPS-06 positive: Type completes through the declared handler and persisted state matches the UI.,OPS-06 negative: unauthorized or invalid use of Type is denied without state mutation. || OPS-06 negative: offline/session-expired use of Type does not leak or duplicate protected state.
OPS-06,crm.contact.form.email,Email,owner|admin,crm:contacts:update,/app/crm/contacts/:contactId,CrmContactForm,write,input,CLIENT,form.email,false,false,false,,not_applicable,ready,found,crm,OPS-06 positive: Email completes through the declared handler and persisted state matches the UI.,OPS-06 negative: unauthorized or invalid use of Email is denied without state mutation. || OPS-06 negative: offline/session-expired use of Email does not leak or duplicate protected state.
OPS-06,crm.contact.form.phone,Phone,owner|admin,crm:contacts:update,/app/crm/contacts/:contactId,CrmContactForm,write,input,CLIENT,form.phone,false,false,false,,not_applicable,ready,found,crm,OPS-06 positive: Phone completes through the declared handler and persisted state matches the UI.,OPS-06 negative: unauthorized or invalid use of Phone is denied without state mutation. || OPS-06 negative: offline/session-expired use of Phone does not leak or duplicate protected state.
OPS-06,crm.contact.form.location,Location,owner|admin,crm:contacts:update,/app/crm/contacts/:contactId,CrmContactForm,write,input,CLIENT,form.location,false,false,false,,not_applicable,ready,found,crm,OPS-06 positive: Location completes through the declared handler and persisted state matches the UI.,OPS-06 negative: unauthorized or invalid use of Location is denied without state mutation. || OPS-06 negative: offline/session-expired use of Location does not leak or duplicate protected state.
OPS-06,crm.contact.form.timezone,Timezone,owner|admin,crm:contacts:update,/app/crm/contacts/:contactId,CrmContactForm,write,input,CLIENT,form.timezone,false,false,false,,not_applicable,ready,found,crm,OPS-06 positive: Timezone completes through the declared handler and persisted state matches the UI.,OPS-06 negative: unauthorized or invalid use of Timezone is denied without state mutation. || OPS-06 negative: offline/session-expired use of Timezone does not leak or duplicate protected state.
OPS-06,crm.contact.form.lead_status,Status,owner|admin,crm:contacts:update,/app/crm/contacts/:contactId,CrmContactForm,write,select,CLIENT,form.lead_status,false,false,false,,not_applicable,ready,found,crm,OPS-06 positive: Status completes through the declared handler and persisted state matches the UI.,OPS-06 negative: unauthorized or invalid use of Status is denied without state mutation. || OPS-06 negative: offline/session-expired use of Status does not leak or duplicate protected state.
OPS-06,crm.contact.form.assigned_user,Assigned team member,owner|admin,crm:contacts:update,/app/crm/contacts/:contactId,CrmContactForm,write,select,CLIENT,form.assigned_user,false,false,false,,not_applicable,ready,found,crm,OPS-06 positive: Assigned team member completes through the declared handler and persisted state matches the UI.,OPS-06 negative: unauthorized or invalid use of Assigned team member is denied without state mutation. || OPS-06 negative: offline/session-expired use of Assigned team member does not leak or duplicate protected state.
OPS-06,crm.contact.form.internal_note,Internal note,owner|admin,crm:contacts:update,/app/crm/contacts/:contactId,CrmContactForm,write,input,CLIENT,form.internal_note,false,false,false,,not_applicable,ready,found,crm,OPS-06 positive: Internal note completes through the declared handler and persisted state matches the UI.,OPS-06 negative: unauthorized or invalid use of Internal note is denied without state mutation. || OPS-06 negative: offline/session-expired use of Internal note does not leak or duplicate protected state.
OPS-06,crm.contact.save,Save,owner|admin,crm:contacts:update,/app/crm/contacts/:contactId,CrmContactForm,write,submit,PATCH,/api/v1/crm/contacts/:contactId,true,false,true,crm_contact_updated,not_applicable,ready,found,crm,OPS-06 positive: Save completes through the declared handler and persisted state matches the UI.,OPS-06 negative: unauthorized or invalid use of Save is denied without state mutation. || OPS-06 negative: offline/session-expired use of Save does not leak or duplicate protected state.
OPS-06,crm.contact.cancel,Cancel,owner|admin,crm:contacts:update,/app/crm/contacts/:contactId,CrmContactForm,read,button,CLIENT,crm.cancelEdit,false,false,false,,not_applicable,ready,found,crm,OPS-06 positive: Cancel completes through the declared handler and persisted state matches the UI.,OPS-06 negative: unauthorized or invalid use of Cancel is denied without state mutation. || OPS-06 negative: offline/session-expired use of Cancel does not leak or duplicate protected state.
OPS-06,crm.tag.add,Add tag,owner|admin,crm:tags:write,/app/crm/contacts/:contactId,CrmDetail,write,form,POST,/api/v1/crm/contacts/:contactId/tags,false,true,true,crm_tag_added,not_applicable,ready,missing,crm,OPS-06 positive: Add tag completes through the declared handler and persisted state matches the UI.,OPS-06 negative: unauthorized or invalid use of Add tag is denied without state mutation. || OPS-06 negative: offline/session-expired use of Add tag does not leak or duplicate protected state.
OPS-06,crm.tag.remove,Remove tag,owner|admin,crm:tags:write,/app/crm/contacts/:contactId,CrmDetail,write,button,DELETE,/api/v1/crm/contacts/:contactId/tags/:tagId,true,true,true,crm_tag_removed,not_applicable,ready,missing,crm,OPS-06 positive: Remove tag completes through the declared handler and persisted state matches the UI.,OPS-06 negative: unauthorized or invalid use of Remove tag is denied without state mutation. || OPS-06 negative: offline/session-expired use of Remove tag does not leak or duplicate protected state.
OPS-06,crm.note.add,Add note,owner|admin,crm:notes:write,/app/crm/contacts/:contactId,CrmDetail,write,form,POST,/api/v1/crm/contacts/:contactId/notes,false,true,true,crm_note_added,not_applicable,ready,missing,crm,OPS-06 positive: Add note completes through the declared handler and persisted state matches the UI.,OPS-06 negative: unauthorized or invalid use of Add note is denied without state mutation. || OPS-06 negative: offline/session-expired use of Add note does not leak or duplicate protected state.
OPS-06,crm.note.delete,Delete note,owner|admin,crm:notes:write,/app/crm/contacts/:contactId,CrmDetail,write,button,DELETE,/api/v1/crm/contacts/:contactId/notes/:noteId,true,true,true,crm_note_deleted,not_applicable,ready,missing,crm,OPS-06 positive: Delete note completes through the declared handler and persisted state matches the UI.,OPS-06 negative: unauthorized or invalid use of Delete note is denied without state mutation. || OPS-06 negative: offline/session-expired use of Delete note does not leak or duplicate protected state.
OPS-06,crm.relationship.add,Add relationship,owner|admin,crm:relationships:write,/app/crm/contacts/:contactId,CrmDetail,write,form,POST,/api/v1/crm/contacts/:contactId/relationships,false,true,true,crm_relationship_added,not_applicable,ready,missing,crm,OPS-06 positive: Add relationship completes through the declared handler and persisted state matches the UI.,OPS-06 negative: unauthorized or invalid use of Add relationship is denied without state mutation. || OPS-06 negative: offline/session-expired use of Add relationship does not leak or duplicate protected state.
OPS-06,crm.relationship.open,Open related record,owner|admin,crm:relationships:read,/app/crm/contacts/:contactId,CrmDetail,read,link,GET,/api/v1/crm/contacts/:contactId,false,false,false,crm_relationship_read,not_applicable,ready,missing,crm,OPS-06 positive: Open related record completes through the declared handler and persisted state matches the UI.,OPS-06 negative: unauthorized or invalid use of Open related record is denied without state mutation. || OPS-06 negative: offline/session-expired use of Open related record does not leak or duplicate protected state.
OPS-06,crm.relationship.remove,Remove relationship,owner|admin,crm:relationships:write,/app/crm/contacts/:contactId,CrmDetail,write,button,DELETE,/api/v1/crm/contacts/:contactId/relationships/:relationshipId,true,true,true,crm_relationship_removed,not_applicable,ready,missing,crm,OPS-06 positive: Remove relationship completes through the declared handler and persisted state matches the UI.,OPS-06 negative: unauthorized or invalid use of Remove relationship is denied without state mutation. || OPS-06 negative: offline/session-expired use of Remove relationship does not leak or duplicate protected state.
OPS-06,communications.view,Communications,owner|admin,communications:read,/app/communications,CommunicationsList,read,route,GET,/api/v1/communications,false,false,false,,not_applicable,ready,found,communications,OPS-06 positive: Communications completes through the declared handler and persisted state matches the UI.,OPS-06 negative: unauthorized or invalid use of Communications is denied without state mutation. || OPS-06 negative: offline/session-expired use of Communications does not leak or duplicate protected state.
OPS-06,communications.filter.channel,Channel,owner|admin,communications:read,/app/communications,CommunicationsFilters,read,select,GET,/api/v1/communications,false,false,false,,not_applicable,ready,found,communications,OPS-06 positive: Channel completes through the declared handler and persisted state matches the UI.,OPS-06 negative: unauthorized or invalid use of Channel is denied without state mutation. || OPS-06 negative: offline/session-expired use of Channel does not leak or duplicate protected state.
OPS-06,communications.filter.status,Status,owner|admin,communications:read,/app/communications,CommunicationsFilters,read,select,GET,/api/v1/communications,false,false,false,,not_applicable,ready,found,communications,OPS-06 positive: Status completes through the declared handler and persisted state matches the UI.,OPS-06 negative: unauthorized or invalid use of Status is denied without state mutation. || OPS-06 negative: offline/session-expired use of Status does not leak or duplicate protected state.
OPS-06,communications.filter.event_type,Type,owner|admin,communications:read,/app/communications,CommunicationsFilters,read,select,GET,/api/v1/communications,false,false,false,,not_applicable,ready,found,communications,OPS-06 positive: Type completes through the declared handler and persisted state matches the UI.,OPS-06 negative: unauthorized or invalid use of Type is denied without state mutation. || OPS-06 negative: offline/session-expired use of Type does not leak or duplicate protected state.
OPS-06,communications.filter.contact,Contact,owner|admin,communications:read,/app/communications,CommunicationsFilters,read,input,GET,/api/v1/communications,false,false,false,,not_applicable,ready,found,communications,OPS-06 positive: Contact completes through the declared handler and persisted state matches the UI.,OPS-06 negative: unauthorized or invalid use of Contact is denied without state mutation. || OPS-06 negative: offline/session-expired use of Contact does not leak or duplicate protected state.
OPS-06,communications.open,Open communication intent,owner|admin,communications:read,/app/communications,CommunicationsList,read,button,GET,/api/v1/communications/:communicationId,false,false,false,,not_applicable,ready,partial,communications,OPS-06 positive: Open communication intent completes through the declared handler and persisted state matches the UI.,OPS-06 negative: unauthorized or invalid use of Open communication intent is denied without state mutation. || OPS-06 negative: offline/session-expired use of Open communication intent does not leak or duplicate protected state.
OPS-06,communications.contact_tab,Communications,owner|admin,communications:read,/app/crm/contacts/:contactId,CrmContactTabs,read,tab,GET,/api/v1/crm/contacts/:contactId/communications,false,false,false,,not_applicable,ready,found,communications,OPS-06 positive: Communications completes through the declared handler and persisted state matches the UI.,OPS-06 negative: unauthorized or invalid use of Communications is denied without state mutation. || OPS-06 negative: offline/session-expired use of Communications does not leak or duplicate protected state.
OPS-06,tasks.view,Tasks,owner|admin,tasks:read,/app/tasks,TaskList,read,route,GET,/api/v1/tasks,false,false,false,,not_applicable,ready,missing,tasks,OPS-06 positive: Tasks completes through the declared handler and persisted state matches the UI.,OPS-06 negative: unauthorized or invalid use of Tasks is denied without state mutation. || OPS-06 negative: offline/session-expired use of Tasks does not leak or duplicate protected state.
OPS-06,tasks.filter.status,Task status,owner|admin,tasks:read,/app/tasks,TaskFilters,read,select,GET,/api/v1/tasks,false,false,false,,not_applicable,ready,missing,tasks,OPS-06 positive: Task status completes through the declared handler and persisted state matches the UI.,OPS-06 negative: unauthorized or invalid use of Task status is denied without state mutation. || OPS-06 negative: offline/session-expired use of Task status does not leak or duplicate protected state.
OPS-06,tasks.filter.assignee,Task assignee,owner|admin,tasks:read,/app/tasks,TaskFilters,read,select,GET,/api/v1/tasks,false,false,false,,not_applicable,ready,missing,tasks,OPS-06 positive: Task assignee completes through the declared handler and persisted state matches the UI.,OPS-06 negative: unauthorized or invalid use of Task assignee is denied without state mutation. || OPS-06 negative: offline/session-expired use of Task assignee does not leak or duplicate protected state.
OPS-06,tasks.filter.due,Due date,owner|admin,tasks:read,/app/tasks,TaskFilters,read,select,GET,/api/v1/tasks,false,false,false,,not_applicable,ready,missing,tasks,OPS-06 positive: Due date completes through the declared handler and persisted state matches the UI.,OPS-06 negative: unauthorized or invalid use of Due date is denied without state mutation. || OPS-06 negative: offline/session-expired use of Due date does not leak or duplicate protected state.
OPS-06,tasks.create,Create task,owner|admin,tasks:write,/app/tasks,TaskList,write,form,POST,/api/v1/tasks,false,true,true,task_created,not_applicable,ready,missing,tasks,OPS-06 positive: Create task completes through the declared handler and persisted state matches the UI.,OPS-06 negative: unauthorized or invalid use of Create task is denied without state mutation. || OPS-06 negative: offline/session-expired use of Create task does not leak or duplicate protected state.
OPS-06,tasks.edit,Edit task,owner|admin,tasks:write,/app/tasks,TaskList,write,button,PATCH,/api/v1/tasks/:taskId,false,true,true,task_updated,not_applicable,ready,missing,tasks,OPS-06 positive: Edit task completes through the declared handler and persisted state matches the UI.,OPS-06 negative: unauthorized or invalid use of Edit task is denied without state mutation. || OPS-06 negative: offline/session-expired use of Edit task does not leak or duplicate protected state.
OPS-06,tasks.complete,Complete task,owner|admin,tasks:write,/app/tasks,TaskList,write,button,POST,/api/v1/tasks/:taskId/complete,true,true,true,task_completed,not_applicable,ready,missing,tasks,OPS-06 positive: Complete task completes through the declared handler and persisted state matches the UI.,OPS-06 negative: unauthorized or invalid use of Complete task is denied without state mutation. || OPS-06 negative: offline/session-expired use of Complete task does not leak or duplicate protected state.
OPS-06,tasks.reopen,Reopen task,owner|admin,tasks:write,/app/tasks,TaskList,write,button,POST,/api/v1/tasks/:taskId/reopen,true,true,true,task_reopened,not_applicable,ready,missing,tasks,OPS-06 positive: Reopen task completes through the declared handler and persisted state matches the UI.,OPS-06 negative: unauthorized or invalid use of Reopen task is denied without state mutation. || OPS-06 negative: offline/session-expired use of Reopen task does not leak or duplicate protected state.
OPS-06,households.view,Households,owner|admin,households:read,/app/households,HouseholdList,read,route,GET,/api/v1/households,false,false,false,,not_applicable,ready,partial,households,OPS-06 positive: Households completes through the declared handler and persisted state matches the UI.,OPS-06 negative: unauthorized or invalid use of Households is denied without state mutation. || OPS-06 negative: offline/session-expired use of Households does not leak or duplicate protected state.
OPS-06,households.search,Search households,owner|admin,households:read,/app/households,HouseholdFilters,read,form,POST,/api/v1/households/search,false,false,false,,not_applicable,ready,missing,households,OPS-06 positive: Search households completes through the declared handler and persisted state matches the UI.,OPS-06 negative: unauthorized or invalid use of Search households is denied without state mutation. || OPS-06 negative: offline/session-expired use of Search households does not leak or duplicate protected state.
OPS-06,households.create,Create household,owner|admin,households:write,/app/households,HouseholdCreateForm,write,form,POST,/api/v1/households,false,true,true,household_created,not_applicable,ready,partial,households,OPS-06 positive: Create household completes through the declared handler and persisted state matches the UI.,OPS-06 negative: unauthorized or invalid use of Create household is denied without state mutation. || OPS-06 negative: offline/session-expired use of Create household does not leak or duplicate protected state.
OPS-06,households.open,Open household,owner|admin,households:read,/app/households,HouseholdList,read,button,GET,/api/v1/households/:householdKey,false,false,false,,not_applicable,ready,partial,households,OPS-06 positive: Open household completes through the declared handler and persisted state matches the UI.,OPS-06 negative: unauthorized or invalid use of Open household is denied without state mutation. || OPS-06 negative: offline/session-expired use of Open household does not leak or duplicate protected state.
OPS-06,households.edit,Edit household,owner|admin,households:write,/app/households/:householdKey,HouseholdDetail,write,form,PATCH,/api/v1/households/:householdKey,false,true,true,household_updated,not_applicable,ready,partial,households,OPS-06 positive: Edit household completes through the declared handler and persisted state matches the UI.,OPS-06 negative: unauthorized or invalid use of Edit household is denied without state mutation. || OPS-06 negative: offline/session-expired use of Edit household does not leak or duplicate protected state.
OPS-06,households.subscription.activate_synthetic,Activate synthetic subscription,owner|admin,subscriptions:synthetic:activate,/app/households/:householdKey,HouseholdSubscription,write,button,POST,/api/v1/households/:householdKey/subscription/synthetic-activate,true,true,true,synthetic_subscription_activated,provider_off,ready,missing,billing,OPS-06 positive: Activate synthetic subscription completes through the declared handler and persisted state matches the UI.,OPS-06 negative: unauthorized or invalid use of Activate synthetic subscription is denied without state mutation. || OPS-06 negative: offline/session-expired use of Activate synthetic subscription does not leak or duplicate protected state.
OPS-06,households.parent.invite,Invite parent,owner|admin,accounts:invite,/app/households/:householdKey,HouseholdMembers,write,form,POST,/api/v1/households/:householdKey/parents/invitations,false,true,true,parent_invitation_created,provider_off,ready,partial,accounts,OPS-06 positive: Invite parent completes through the declared handler and persisted state matches the UI.,OPS-06 negative: unauthorized or invalid use of Invite parent is denied without state mutation. || OPS-06 negative: offline/session-expired use of Invite parent does not leak or duplicate protected state.
OPS-06,households.parent.invite_resend,Resend parent activation,owner|admin,accounts:invite,/app/households/:householdKey,HouseholdMembers,write,button,POST,/api/v1/households/:householdKey/parents/:userKey/invitations/resend,true,true,true,parent_invitation_reissued,provider_off,ready,missing,accounts,OPS-06 positive: Resend parent activation completes through the declared handler and persisted state matches the UI.,OPS-06 negative: unauthorized or invalid use of Resend parent activation is denied without state mutation. || OPS-06 negative: offline/session-expired use of Resend parent activation does not leak or duplicate protected state.
OPS-06,parent.view,Parent Portal,parent,parent:household:read,/app/parent,ParentPortalFeature,read,route,GET,/api/v1/portals/parent/dashboard,false,false,false,,not_applicable,ready,found,portals,OPS-06 positive: Parent Portal completes through the declared handler and persisted state matches the UI.,OPS-06 negative: unauthorized or invalid use of Parent Portal is denied without state mutation. || OPS-06 negative: offline/session-expired use of Parent Portal does not leak or duplicate protected state.
OPS-06,parent.retry,Retry,parent,parent:household:read,/app/parent,PortalState,read,button,GET,/api/v1/portals/parent/dashboard,false,false,false,,not_applicable,ready,found,portals,OPS-06 positive: Retry completes through the declared handler and persisted state matches the UI.,OPS-06 negative: unauthorized or invalid use of Retry is denied without state mutation. || OPS-06 negative: offline/session-expired use of Retry does not leak or duplicate protected state.
OPS-06,parent.learner.add,Add learner,parent,parent:learner:create,/app/parent,ParentPortalFeature,write,button,POST,/api/v1/portals/parent/households/:householdKey/learners,false,true,true,portal_learner_created,not_applicable,ready,unavailable,portals,OPS-06 positive: Add learner completes through the declared handler and persisted state matches the UI.,OPS-06 negative: unauthorized or invalid use of Add learner is denied without state mutation. || OPS-06 negative: offline/session-expired use of Add learner does not leak or duplicate protected state.
OPS-06,parent.learner.select,Select learner,parent,parent:household:read,/app/parent,ParentPortalFeature,read,button,CLIENT,parent.selectLearner,false,false,false,,not_applicable,ready,found,portals,OPS-06 positive: Select learner completes through the declared handler and persisted state matches the UI.,OPS-06 negative: unauthorized or invalid use of Select learner is denied without state mutation. || OPS-06 negative: offline/session-expired use of Select learner does not leak or duplicate protected state.
OPS-06,parent.learner.edit,Edit learner,parent,parent:learner:update,/app/parent,ParentPortalFeature,write,form,PATCH,/api/v1/portals/parent/households/:householdKey/learners/:learnerKey,false,true,true,portal_learner_updated,not_applicable,ready,partial,portals,OPS-06 positive: Edit learner completes through the declared handler and persisted state matches the UI.,OPS-06 negative: unauthorized or invalid use of Edit learner is denied without state mutation. || OPS-06 negative: offline/session-expired use of Edit learner does not leak or duplicate protected state.
OPS-06,parent.learner.archive,Archive learner,parent,parent:learner:archive,/app/parent,ParentPortalFeature,write,button,POST,/api/v1/portals/parent/households/:householdKey/learners/:learnerKey/archive,true,true,true,portal_learner_archived,not_applicable,ready,partial,portals,OPS-06 positive: Archive learner completes through the declared handler and persisted state matches the UI.,OPS-06 negative: unauthorized or invalid use of Archive learner is denied without state mutation. || OPS-06 negative: offline/session-expired use of Archive learner does not leak or duplicate protected state.
OPS-06,parent.learner.restore,Restore learner,parent,parent:learner:archive,/app/parent,ParentPortalFeature,write,button,POST,/api/v1/portals/parent/households/:householdKey/learners/:learnerKey/restore,true,true,true,portal_learner_restored,not_applicable,ready,partial,portals,OPS-06 positive: Restore learner completes through the declared handler and persisted state matches the UI.,OPS-06 negative: unauthorized or invalid use of Restore learner is denied without state mutation. || OPS-06 negative: offline/session-expired use of Restore learner does not leak or duplicate protected state.
OPS-06,parent.student_access.setup,Setup student access,parent,parent:student-access:manage,/app/parent,StudentAccessControls,write,button,POST,/api/v1/portals/parent/households/:householdKey/learners/:learnerKey/student-access/setup,false,true,true,student_access_setup,not_applicable,ready,found,accounts,OPS-06 positive: Setup student access completes through the declared handler and persisted state matches the UI.,OPS-06 negative: unauthorized or invalid use of Setup student access is denied without state mutation. || OPS-06 negative: offline/session-expired use of Setup student access does not leak or duplicate protected state.
OPS-06,parent.student_access.reset,Reset student access,parent,parent:student-access:manage,/app/parent,StudentAccessControls,write,button,POST,/api/v1/portals/parent/households/:householdKey/learners/:learnerKey/student-access/reset,false,true,true,student_access_reset,not_applicable,ready,found,accounts,OPS-06 positive: Reset student access completes through the declared handler and persisted state matches the UI.,OPS-06 negative: unauthorized or invalid use of Reset student access is denied without state mutation. || OPS-06 negative: offline/session-expired use of Reset student access does not leak or duplicate protected state.
OPS-06,parent.student_access.suspend,Suspend student access,parent,parent:student-access:manage,/app/parent,StudentAccessControls,write,button,POST,/api/v1/portals/parent/households/:householdKey/learners/:learnerKey/student-access/suspend,true,true,true,student_access_suspend,not_applicable,ready,found,accounts,OPS-06 positive: Suspend student access completes through the declared handler and persisted state matches the UI.,OPS-06 negative: unauthorized or invalid use of Suspend student access is denied without state mutation. || OPS-06 negative: offline/session-expired use of Suspend student access does not leak or duplicate protected state.
OPS-06,parent.student_access.restore,Restore student access,parent,parent:student-access:manage,/app/parent,StudentAccessControls,write,button,POST,/api/v1/portals/parent/households/:householdKey/learners/:learnerKey/student-access/restore,false,true,true,student_access_restore,not_applicable,ready,partial,accounts,OPS-06 positive: Restore student access completes through the declared handler and persisted state matches the UI.,OPS-06 negative: unauthorized or invalid use of Restore student access is denied without state mutation. || OPS-06 negative: offline/session-expired use of Restore student access does not leak or duplicate protected state.
OPS-06,parent.student_access.revoke_sessions,Revoke student sessions,parent,parent:student-access:manage,/app/parent,StudentAccessControls,write,button,POST,/api/v1/portals/parent/households/:householdKey/learners/:learnerKey/student-access/revoke_sessions,true,true,true,student_access_revoke_sessions,not_applicable,ready,partial,accounts,OPS-06 positive: Revoke student sessions completes through the declared handler and persisted state matches the UI.,OPS-06 negative: unauthorized or invalid use of Revoke student sessions is denied without state mutation. || OPS-06 negative: offline/session-expired use of Revoke student sessions does not leak or duplicate protected state.
OPS-06,parent.class.launch,Launch class,parent,parent:class:launch,/app/parent,ClassSummary,write,button,POST,/api/v1/portals/parent/households/:householdKey/learners/:learnerKey/classes/:classKey/launch,false,false,true,,provider_off,ready,unavailable,classes,OPS-06 positive: Launch class completes through the declared handler and persisted state matches the UI.,OPS-06 negative: unauthorized or invalid use of Launch class is denied without state mutation. || OPS-06 negative: offline/session-expired use of Launch class does not leak or duplicate protected state.
OPS-06,parent.library.open,Open library item,parent,parent:content:open,/app/parent,ContentList,read,button,POST,/api/v1/content/library/:itemKey/open,false,false,false,,provider_off,ready,unavailable,content,OPS-06 positive: Open library item completes through the declared handler and persisted state matches the UI.,OPS-06 negative: unauthorized or invalid use of Open library item is denied without state mutation. || OPS-06 negative: offline/session-expired use of Open library item does not leak or duplicate protected state.
OPS-06,parent.review.open,Open review sheet,parent,parent:content:open,/app/parent,ContentList,read,button,POST,/api/v1/content/library/:itemKey/open,false,false,false,,provider_off,ready,unavailable,content,OPS-06 positive: Open review sheet completes through the declared handler and persisted state matches the UI.,OPS-06 negative: unauthorized or invalid use of Open review sheet is denied without state mutation. || OPS-06 negative: offline/session-expired use of Open review sheet does not leak or duplicate protected state.
OPS-06,parent.progress.view,Progress,parent,parent:household:read,/app/parent,ProgressSummaryView,read,region,GET,/api/v1/portals/parent/households/:householdKey/learners/:learnerKey/materials,false,false,false,,not_applicable,ready,found,portals,OPS-06 positive: Progress completes through the declared handler and persisted state matches the UI.,OPS-06 negative: unauthorized or invalid use of Progress is denied without state mutation. || OPS-06 negative: offline/session-expired use of Progress does not leak or duplicate protected state.
OPS-06,parent.rewards.view,Rewards,parent,rewards:read,/app/parent,RewardSummary,read,region,GET,/api/v1/portals/parent/households/:householdKey/learners/:learnerKey/materials,false,false,false,,not_applicable,ready,found,portals,OPS-06 positive: Rewards completes through the declared handler and persisted state matches the UI.,OPS-06 negative: unauthorized or invalid use of Rewards is denied without state mutation. || OPS-06 negative: offline/session-expired use of Rewards does not leak or duplicate protected state.
OPS-06,parent.question.input,Learner question,parent,questions:create,/app/parent,LearnerQuestionForm,write,textarea,CLIENT,form.question,false,false,false,,not_applicable,ready,missing,questions,OPS-06 positive: Learner question completes through the declared handler and persisted state matches the UI.,OPS-06 negative: unauthorized or invalid use of Learner question is denied without state mutation. || OPS-06 negative: offline/session-expired use of Learner question does not leak or duplicate protected state.
OPS-06,parent.question.submit,Submit learner question,parent,questions:create,/app/parent,LearnerQuestionForm,write,submit,POST,/api/v1/portals/parent/households/:householdKey/questions,false,true,true,learner_question_received,provider_off,ready,missing,questions,OPS-06 positive: Submit learner question completes through the declared handler and persisted state matches the UI.,OPS-06 negative: unauthorized or invalid use of Submit learner question is denied without state mutation. || OPS-06 negative: offline/session-expired use of Submit learner question does not leak or duplicate protected state.
OPS-06,parent.support.subject,Support subject,parent,support:create,/app/parent,SupportRequestForm,write,input,CLIENT,form.subject,false,false,false,,not_applicable,ready,missing,support,OPS-06 positive: Support subject completes through the declared handler and persisted state matches the UI.,OPS-06 negative: unauthorized or invalid use of Support subject is denied without state mutation. || OPS-06 negative: offline/session-expired use of Support subject does not leak or duplicate protected state.
OPS-06,parent.support.body,Support message,parent,support:create,/app/parent,SupportRequestForm,write,textarea,CLIENT,form.body,false,false,false,,not_applicable,ready,missing,support,OPS-06 positive: Support message completes through the declared handler and persisted state matches the UI.,OPS-06 negative: unauthorized or invalid use of Support message is denied without state mutation. || OPS-06 negative: offline/session-expired use of Support message does not leak or duplicate protected state.
OPS-06,parent.support.submit,Submit support request,parent,support:create,/app/parent,SupportRequestForm,write,submit,POST,/api/v1/portals/parent/households/:householdKey/support/requests,false,true,true,subscriber_support_received,provider_off,ready,missing,support,OPS-06 positive: Submit support request completes through the declared handler and persisted state matches the UI.,OPS-06 negative: unauthorized or invalid use of Submit support request is denied without state mutation. || OPS-06 negative: offline/session-expired use of Submit support request does not leak or duplicate protected state.
OPS-06,parent.billing.checkout,Start checkout,parent,billing:checkout,/app/parent,BillingSummaryPanel,write,button,POST,/api/v1/billing/checkout-sessions,true,true,true,billing_checkout_created,provider_canary_separate,not_visible,found,billing,OPS-06 positive: Start checkout completes through the declared handler and persisted state matches the UI.,OPS-06 negative: unauthorized or invalid use of Start checkout is denied without state mutation. || OPS-06 negative: offline/session-expired use of Start checkout does not leak or duplicate protected state.
OPS-06,parent.billing.manage,Manage billing,parent,billing:portal,/app/parent,BillingSummaryPanel,write,button,POST,/api/v1/billing/customer-portal-sessions,true,true,true,billing_customer_portal_created,provider_canary_separate,not_visible,found,billing,OPS-06 positive: Manage billing completes through the declared handler and persisted state matches the UI.,OPS-06 negative: unauthorized or invalid use of Manage billing is denied without state mutation. || OPS-06 negative: offline/session-expired use of Manage billing does not leak or duplicate protected state.
OPS-06,student.view,Student Portal,student,student:dashboard:read,/app/student,StudentPortalFeature,read,route,GET,/api/v1/portals/student/dashboard,false,false,false,,not_applicable,ready,found,portals,OPS-06 positive: Student Portal completes through the declared handler and persisted state matches the UI.,OPS-06 negative: unauthorized or invalid use of Student Portal is denied without state mutation. || OPS-06 negative: offline/session-expired use of Student Portal does not leak or duplicate protected state.
OPS-06,student.retry,Retry,student,student:dashboard:read,/app/student,PortalState,read,button,GET,/api/v1/portals/student/dashboard,false,false,false,,not_applicable,ready,found,portals,OPS-06 positive: Retry completes through the declared handler and persisted state matches the UI.,OPS-06 negative: unauthorized or invalid use of Retry is denied without state mutation. || OPS-06 negative: offline/session-expired use of Retry does not leak or duplicate protected state.
OPS-06,student.class.launch,Launch,student,student:class:launch,/app/student,ClassSummary,write,button,POST,/api/v1/portals/student/classes/:classKey/launch,false,false,true,,provider_off,ready,unavailable,classes,OPS-06 positive: Launch completes through the declared handler and persisted state matches the UI.,OPS-06 negative: unauthorized or invalid use of Launch is denied without state mutation. || OPS-06 negative: offline/session-expired use of Launch does not leak or duplicate protected state.
OPS-06,student.library.open,Open library item,student,student:content:open,/app/student,ContentList,read,button,POST,/api/v1/content/library/:itemKey/open,false,false,false,,provider_off,ready,unavailable,content,OPS-06 positive: Open library item completes through the declared handler and persisted state matches the UI.,OPS-06 negative: unauthorized or invalid use of Open library item is denied without state mutation. || OPS-06 negative: offline/session-expired use of Open library item does not leak or duplicate protected state.
OPS-06,student.review.open,Open review sheet,student,student:content:open,/app/student,ContentList,read,button,POST,/api/v1/content/library/:itemKey/open,false,false,false,,provider_off,ready,unavailable,content,OPS-06 positive: Open review sheet completes through the declared handler and persisted state matches the UI.,OPS-06 negative: unauthorized or invalid use of Open review sheet is denied without state mutation. || OPS-06 negative: offline/session-expired use of Open review sheet does not leak or duplicate protected state.
OPS-06,student.progress.view,Progress,student,student:dashboard:read,/app/student,ProgressSummaryView,read,region,GET,/api/v1/portals/student/dashboard,false,false,false,,not_applicable,ready,found,portals,OPS-06 positive: Progress completes through the declared handler and persisted state matches the UI.,OPS-06 negative: unauthorized or invalid use of Progress is denied without state mutation. || OPS-06 negative: offline/session-expired use of Progress does not leak or duplicate protected state.
OPS-06,student.rewards.view,Rewards,student,rewards:read,/app/student,ProgressSummaryView,read,region,GET,/api/v1/portals/student/dashboard,false,false,false,,not_applicable,ready,found,portals,OPS-06 positive: Rewards completes through the declared handler and persisted state matches the UI.,OPS-06 negative: unauthorized or invalid use of Rewards is denied without state mutation. || OPS-06 negative: offline/session-expired use of Rewards does not leak or duplicate protected state.
OPS-06,student.question.input,Ask a question,student,questions:create,/app/student,LearnerQuestionForm,write,textarea,CLIENT,form.question,false,false,false,,not_applicable,ready,missing,questions,OPS-06 positive: Ask a question completes through the declared handler and persisted state matches the UI.,OPS-06 negative: unauthorized or invalid use of Ask a question is denied without state mutation. || OPS-06 negative: offline/session-expired use of Ask a question does not leak or duplicate protected state.
OPS-06,student.question.submit,Submit question,student,questions:create,/app/student,LearnerQuestionForm,write,submit,POST,/api/v1/portals/student/questions,false,true,true,learner_question_received,provider_off,ready,missing,questions,OPS-06 positive: Submit question completes through the declared handler and persisted state matches the UI.,OPS-06 negative: unauthorized or invalid use of Submit question is denied without state mutation. || OPS-06 negative: offline/session-expired use of Submit question does not leak or duplicate protected state.
OPS-06,student.support.open,Technical help,student,support:create,/app/student,SupportRequestForm,write,button,POST,/api/v1/portals/student/support/requests,false,true,true,subscriber_support_received,provider_off,ready,unavailable,support,OPS-06 positive: Technical help completes through the declared handler and persisted state matches the UI.,OPS-06 negative: unauthorized or invalid use of Technical help is denied without state mutation. || OPS-06 negative: offline/session-expired use of Technical help does not leak or duplicate protected state.
OPS-06,shell.owner.home,Home,owner,authenticated:navigation,*protected,AppShell,read,link,GET,/app/dashboard,false,false,false,,not_applicable,ready,found,app-shell,OPS-06 positive: Home completes through the declared handler and persisted state matches the UI.,OPS-06 negative: unauthorized or invalid use of Home is denied without state mutation. || OPS-06 negative: offline/session-expired use of Home does not leak or duplicate protected state.
OPS-06,shell.owner.nav_open,Open navigation,owner,authenticated:navigation,*protected,AppShellDrawer,read,button,CLIENT,appShell.openNavigation,false,false,false,,not_applicable,ready,found,app-shell,OPS-06 positive: Open navigation completes through the declared handler and persisted state matches the UI.,OPS-06 negative: unauthorized or invalid use of Open navigation is denied without state mutation. || OPS-06 negative: offline/session-expired use of Open navigation does not leak or duplicate protected state.
OPS-06,shell.owner.nav_close,Close navigation,owner,authenticated:navigation,*protected,AppShellDrawer,read,button,CLIENT,appShell.closeNavigation,false,false,false,,not_applicable,ready,found,app-shell,OPS-06 positive: Close navigation completes through the declared handler and persisted state matches the UI.,OPS-06 negative: unauthorized or invalid use of Close navigation is denied without state mutation. || OPS-06 negative: offline/session-expired use of Close navigation does not leak or duplicate protected state.
OPS-06,shell.admin.home,Home,admin,authenticated:navigation,*protected,AppShell,read,link,GET,/app/dashboard,false,false,false,,not_applicable,ready,found,app-shell,OPS-06 positive: Home completes through the declared handler and persisted state matches the UI.,OPS-06 negative: unauthorized or invalid use of Home is denied without state mutation. || OPS-06 negative: offline/session-expired use of Home does not leak or duplicate protected state.
OPS-06,shell.admin.nav_open,Open navigation,admin,authenticated:navigation,*protected,AppShellDrawer,read,button,CLIENT,appShell.openNavigation,false,false,false,,not_applicable,ready,found,app-shell,OPS-06 positive: Open navigation completes through the declared handler and persisted state matches the UI.,OPS-06 negative: unauthorized or invalid use of Open navigation is denied without state mutation. || OPS-06 negative: offline/session-expired use of Open navigation does not leak or duplicate protected state.
OPS-06,shell.admin.nav_close,Close navigation,admin,authenticated:navigation,*protected,AppShellDrawer,read,button,CLIENT,appShell.closeNavigation,false,false,false,,not_applicable,ready,found,app-shell,OPS-06 positive: Close navigation completes through the declared handler and persisted state matches the UI.,OPS-06 negative: unauthorized or invalid use of Close navigation is denied without state mutation. || OPS-06 negative: offline/session-expired use of Close navigation does not leak or duplicate protected state.
OPS-06,shell.parent.home,Home,parent,authenticated:navigation,*protected,AppShell,read,link,GET,/app/parent,false,false,false,,not_applicable,ready,found,app-shell,OPS-06 positive: Home completes through the declared handler and persisted state matches the UI.,OPS-06 negative: unauthorized or invalid use of Home is denied without state mutation. || OPS-06 negative: offline/session-expired use of Home does not leak or duplicate protected state.
OPS-06,shell.parent.nav_open,Open navigation,parent,authenticated:navigation,*protected,AppShellDrawer,read,button,CLIENT,appShell.openNavigation,false,false,false,,not_applicable,ready,found,app-shell,OPS-06 positive: Open navigation completes through the declared handler and persisted state matches the UI.,OPS-06 negative: unauthorized or invalid use of Open navigation is denied without state mutation. || OPS-06 negative: offline/session-expired use of Open navigation does not leak or duplicate protected state.
OPS-06,shell.parent.nav_close,Close navigation,parent,authenticated:navigation,*protected,AppShellDrawer,read,button,CLIENT,appShell.closeNavigation,false,false,false,,not_applicable,ready,found,app-shell,OPS-06 positive: Close navigation completes through the declared handler and persisted state matches the UI.,OPS-06 negative: unauthorized or invalid use of Close navigation is denied without state mutation. || OPS-06 negative: offline/session-expired use of Close navigation does not leak or duplicate protected state.
OPS-06,shell.student.home,Home,student,authenticated:navigation,*protected,AppShell,read,link,GET,/app/student,false,false,false,,not_applicable,ready,found,app-shell,OPS-06 positive: Home completes through the declared handler and persisted state matches the UI.,OPS-06 negative: unauthorized or invalid use of Home is denied without state mutation. || OPS-06 negative: offline/session-expired use of Home does not leak or duplicate protected state.
OPS-06,shell.student.nav_open,Open navigation,student,authenticated:navigation,*protected,AppShellDrawer,read,button,CLIENT,appShell.openNavigation,false,false,false,,not_applicable,ready,found,app-shell,OPS-06 positive: Open navigation completes through the declared handler and persisted state matches the UI.,OPS-06 negative: unauthorized or invalid use of Open navigation is denied without state mutation. || OPS-06 negative: offline/session-expired use of Open navigation does not leak or duplicate protected state.
OPS-06,shell.student.nav_close,Close navigation,student,authenticated:navigation,*protected,AppShellDrawer,read,button,CLIENT,appShell.closeNavigation,false,false,false,,not_applicable,ready,found,app-shell,OPS-06 positive: Close navigation completes through the declared handler and persisted state matches the UI.,OPS-06 negative: unauthorized or invalid use of Close navigation is denied without state mutation. || OPS-06 negative: offline/session-expired use of Close navigation does not leak or duplicate protected state.
