refs/remotes/origin/HEAD	origin	610b585f3d221addd4e7b824c92a5cc256cffcf9	2026-07-14T13:41:49+03:00	chore: initialize standalone One Time foundation
refs/remotes/origin/codex/crm-core-v1	origin/codex/crm-core-v1	4ac288968ba24e30a5c3f8c6924f492eedf4338f	2026-07-14T21:07:10+03:00	fix: harden OT-27 auth CRM gaps
refs/remotes/origin/codex/foundation-landing-lead-v1	origin/codex/foundation-landing-lead-v1	3465bd7d4c6b6829a6be6e4b4f8a003d608f3680	2026-07-14T16:17:40+03:00	test: add OT-24 release evidence gates
refs/remotes/origin/codex/ops-02-staging-activation-610b585f	origin/codex/ops-02-staging-activation-610b585f	79f3ec25ec65cb25377ca529432f3d5a3fdd7618	2026-07-16T08:52:55+03:00	OPS-02: add reusable staging checkpoint tooling
refs/remotes/origin/codex/ops-04-legacy-audience-migration	origin/codex/ops-04-legacy-audience-migration	b8777ad02eeee47d375d377817a66cae99f488ea	2026-07-16T08:57:07+03:00	OPS-04 legacy audience migration tooling
refs/remotes/origin/codex/ops-06-ops-06-20260716t052821z-752266af	origin/codex/ops-06-ops-06-20260716t052821z-752266af	6048125c29048c1eadbb7d256a1ffa6fe9a14796	2026-07-16T08:44:31+03:00	[OPS-06] Add blocked synthetic rehearsal checkpoint
refs/remotes/origin/codex/ops-07-pre-ot99-checkpoint-58746abd	origin/codex/ops-07-pre-ot99-checkpoint-58746abd	d1825332e0a9fd3107842dd0d60f183ceb5167a3	2026-07-16T08:37:42+03:00	OPS-07 pre-OT99 checkpoint
refs/remotes/origin/codex/ops-08-readiness-checkpoint	origin/codex/ops-08-readiness-checkpoint	abbb96f62266ba57856af49876745716094df81e	2026-07-16T08:46:25+03:00	OPS-08: publish domain email readiness checkpoint
refs/remotes/origin/codex/ops05-observability-runbooks	origin/codex/ops05-observability-runbooks	f4ac299ba9003952f1ceb60fa9e1c594486bd63d	2026-07-16T08:38:06+03:00	[OPS-05] add observability runbooks checkpoint
refs/remotes/origin/codex/ops09-branch-fleet-ci-repair	origin/codex/ops09-branch-fleet-ci-repair	738b0794d9f2420f1c82d2f08ee5b95bbd341244	2026-07-16T08:30:43+03:00	chore(ops09): preserve fleet recovery preflight
refs/remotes/origin/codex/ot34-first-slice-core-hardening	origin/codex/ot34-first-slice-core-hardening	87f9b315c54e32e918912cc100610e2c561b68ac	2026-07-14T17:26:47+03:00	test: cover OT-34 hardening gates
refs/remotes/origin/codex/ot35-app-shell-crm-clarity	origin/codex/ot35-app-shell-crm-clarity	6ca5e568c328ea116a9413b57ea5920400f8bc14	2026-07-14T17:40:15+03:00	feat: add OT-35 authenticated CRM shell
refs/remotes/origin/codex/ot36-delivery-sink-foundation	origin/codex/ot36-delivery-sink-foundation	61d4755fe279ca47c37e7adbe8d1e6ce8b258dae	2026-07-14T20:46:22+03:00	Apply OT-36 school acknowledgement addendum
refs/remotes/origin/codex/ot37-postgres-assurance	origin/codex/ot37-postgres-assurance	0ea782d8551c26edd48b08d644b573e19b9835b1	2026-07-14T20:55:16+03:00	ci: add OT-37 postgres assurance harness
refs/remotes/origin/codex/ot38-real-mfa-security-correction	origin/codex/ot38-real-mfa-security-correction	245649523566a7a0ace493ba70ede2a405ebdcce	2026-07-14T21:41:48+03:00	Implement OT-38 privileged MFA security
refs/remotes/origin/codex/ot39-crm-privacy-performance-correction	origin/codex/ot39-crm-privacy-performance-correction	c1584577780d7b5125bce4fb81d2a454c9e84096	2026-07-14T21:32:01+03:00	fix ot39 crm privacy performance evidence
refs/remotes/origin/codex/ot40-school-receipt-worker-correction	origin/codex/ot40-school-receipt-worker-correction	571b18f36cdc645f757cc3be6b0519f1af3225f6	2026-07-14T21:32:40+03:00	fix: lock OT-40 school receipt worker contract
refs/remotes/origin/codex/ot46p-isolated-stripe-foundation	origin/codex/ot46p-isolated-stripe-foundation	f4e4fb1dc202f8b17bbf1747c82ae3b0c1c5c899	2026-07-14T23:53:49+03:00	OT-46P isolated billing foundation
refs/remotes/origin/codex/ot51p-isolated-telegram-bot	origin/codex/ot51p-isolated-telegram-bot	e235af05759f0a97496552c6e8aabed7ba3eee18	2026-07-14T23:57:25+03:00	OT-51P isolated One Time Telegram bot foundation
refs/remotes/origin/codex/ot52p-isolated-parent-student-portals	origin/codex/ot52p-isolated-parent-student-portals	9594c228b9ac3047f42bb9e8c804384cc45a3e40	2026-07-15T00:17:12+03:00	OT-52P isolated parent student portals
refs/remotes/origin/codex/ot60r-recovery-convergence	origin/codex/ot60r-recovery-convergence	dfef7de2035e08f1ee72e0133ccf656fe7a74444	2026-07-15T03:21:41+03:00	ci: ignore raw execution prompts in format gate
refs/remotes/origin/codex/ot71-product-core-train	origin/codex/ot71-product-core-train	e357f5f0fa42d4087e8062113e619181226a5d57	2026-07-15T11:01:03+03:00	feat: add ot71 owner admin dashboard shell
refs/remotes/origin/codex/ot72-provider-sandbox-train	origin/codex/ot72-provider-sandbox-train	62ad1d39242f1a8745ad5da5c2a016301eb276c3	2026-07-15T09:47:48+03:00	fix: guard postgres assurance teardown
refs/remotes/origin/codex/ot73-landing-intent-reconciliation	origin/codex/ot73-landing-intent-reconciliation	ed2074254863468b4a70a0a3304490486ab2b71e	2026-07-15T10:18:55+03:00	OT-73 corrected landing addendum
refs/remotes/origin/codex/ot74-audience-reconciliation	origin/codex/ot74-audience-reconciliation	51cd99dc4434f0354ba229620ebe89558efeb120	2026-07-15T10:10:15+03:00	ot74 record final pr state
refs/remotes/origin/codex/ot75-release-observability-readiness	origin/codex/ot75-release-observability-readiness	028a05f3e44a7b37c2395576aa3800f507dd5268	2026-07-15T09:48:20+03:00	Record OT-75 draft PR state
refs/remotes/origin/codex/ot76-day-one-certification-harness	origin/codex/ot76-day-one-certification-harness	b9ece3146d2de6edc9f386712fad146f17b18031	2026-07-15T09:50:06+03:00	Add OT-76 day-one QA harness
refs/remotes/origin/codex/ot80-one-shot-final-convergence	origin/codex/ot80-one-shot-final-convergence	741af0c08ee1d43be4e220b7c6e4c77a2330adc2	2026-07-15T13:32:19+03:00	chore: record OT80 CI readback
refs/remotes/origin/codex/ot81-dayone-certification-and-staging	origin/codex/ot81-dayone-certification-and-staging	809480bb5581c4104f64c4c04a5c92fff8aaa7cf	2026-07-15T15:26:29+03:00	[OT-81] preserve prompt and exact branch certification
refs/remotes/origin/codex/ot81-dayone-certification-staging	origin/codex/ot81-dayone-certification-staging	ff23c9af0c3e3de18cd991097eb6e66032b11546	2026-07-15T14:55:04+03:00	chore: certify OT81 day-one staging candidate
refs/remotes/origin/codex/ot82-brand-system-foundation	origin/codex/ot82-brand-system-foundation	a8e4109b0530855bc7a5f56c90104706b9c8cd7c	2026-07-15T16:24:11+03:00	chore(ot82): record draft pr closeout
refs/remotes/origin/codex/ot83-household-portals-foundation	origin/codex/ot83-household-portals-foundation	a02d1d254ae0d17804fb657079a7871567260ea2	2026-07-15T16:55:29+03:00	[OT-83] update migration sentinel test
refs/remotes/origin/codex/ot83r-complete-portals	origin/codex/ot83r-complete-portals	04ca004e22b2c1e1ffaf710a3211eabcd3180f32	2026-07-16T08:28:55+03:00	chore(ot83r): preserve partial portal checkpoint
refs/remotes/origin/codex/ot84-telegram-action-gateway	origin/codex/ot84-telegram-action-gateway	f98103ecc3660dbda871a91485656e17580940a8	2026-07-15T20:05:24+03:00	Record OT-84 PR publication evidence
refs/remotes/origin/codex/ot85-whatsapp-lead-assistant	origin/codex/ot85-whatsapp-lead-assistant	fb6b3266e2bb2689fdfc1f751764fd98ecca8f0a	2026-07-15T19:54:11+03:00	Record OT-85 PR publication
refs/remotes/origin/codex/ot86a-vimeo-content-kb	origin/codex/ot86a-vimeo-content-kb	87a1bb7ffd6a2fa0d016a1831894d430aa2ee065	2026-07-15T20:21:39+03:00	feat(content): add Vimeo-backed approved content pipeline and KB
refs/remotes/origin/codex/ot86b-buffer-social	origin/codex/ot86b-buffer-social	97fa0c91758888f4e9de0af17d70002a0124669f	2026-07-15T21:03:00+03:00	feat(social): add human-approved Buffer publishing pipeline
refs/remotes/origin/codex/ot87-stripe-test-entitlements	origin/codex/ot87-stripe-test-entitlements	6ecb680713a2fd5cd7bc03766fe9b8974c9b75df	2026-07-15T20:14:57+03:00	Record OT-87 draft PR state
refs/remotes/origin/codex/ot88-zoom-learner-classroom	origin/codex/ot88-zoom-learner-classroom	80a67b93c61e9d5fb127789dadc0739917f21555	2026-07-16T08:30:43+03:00	chore(ot88): preserve preflight checkpoint
refs/remotes/origin/codex/ot89a-subscriber-support-producer	origin/codex/ot89a-subscriber-support-producer	0fe1b4668170f608d8763fb52d11b30f0150feb2	2026-07-16T08:30:43+03:00	chore(ot89a): preserve support producer preflight
refs/remotes/origin/codex/parallel-base-a73458d	origin/codex/parallel-base-a73458d	a73458d1884b8fcb4843c4852425009577f59ef7	2026-07-14T16:26:07+03:00	docs: add OT-24 PR2 hardening gate
refs/remotes/origin/codex/parallel-base-ot38-2456495	origin/codex/parallel-base-ot38-2456495	245649523566a7a0ace493ba70ede2a405ebdcce	2026-07-14T21:41:48+03:00	Implement OT-38 privileged MFA security
refs/remotes/origin/codex/parallel-base-ot39-c158457	origin/codex/parallel-base-ot39-c158457	c1584577780d7b5125bce4fb81d2a454c9e84096	2026-07-14T21:32:01+03:00	fix ot39 crm privacy performance evidence
refs/remotes/origin/codex/parallel-base-ot40-571b18f	origin/codex/parallel-base-ot40-571b18f	571b18f36cdc645f757cc3be6b0519f1af3225f6	2026-07-14T21:32:40+03:00	fix: lock OT-40 school receipt worker contract
refs/remotes/origin/codex/parallel-ot42-crm-module-v1	origin/codex/parallel-ot42-crm-module-v1	b2c159a060d8aa50ec6feb69f1cae003fd633bf3	2026-07-14T23:50:22+03:00	feat: add OT-42 CRM module
refs/remotes/origin/codex/parallel-ot44-communications-v1a	origin/codex/parallel-ot44-communications-v1a	76cae19be515ee896f22d0da976082a09d1d25d6	2026-07-15T00:01:18+03:00	feat: add OT-44 communications read model
refs/remotes/origin/codex/parallel-ot47-content-library-foundation	origin/codex/parallel-ot47-content-library-foundation	9444176dbc55e0c5af048ec1df2ea75ffa8dde33	2026-07-14T23:42:56+03:00	docs: link ot47 blocker pr
refs/remotes/origin/codex/recovery-blocked-ot61-ot70	origin/codex/recovery-blocked-ot61-ot70	17cfba068660eee489474a18963566dcf55eaffa	2026-07-15T01:22:19+03:00	docs: preserve blocked OT-61-OT-70 run packets
refs/remotes/origin/main	origin/main	610b585f3d221addd4e7b824c92a5cc256cffcf9	2026-07-14T13:41:49+03:00	chore: initialize standalone One Time foundation
refs/remotes/origin/ops/OPS-03-canary-conductor-62ad1d39242f	origin/ops/OPS-03-canary-conductor-62ad1d39242f	240d162eaff05b1f67222e35ff91aee941eff014	2026-07-16T08:42:42+03:00	feat: add OPS-03 canary conductor checkpoint
refs/remotes/origin/ot-99-pr-24	origin/ot-99-pr-24	ff23c9af0c3e3de18cd991097eb6e66032b11546	2026-07-15T14:55:04+03:00	chore: certify OT81 day-one staging candidate
refs/remotes/origin/ot-99-pr-25	origin/ot-99-pr-25	809480bb5581c4104f64c4c04a5c92fff8aaa7cf	2026-07-15T15:26:29+03:00	[OT-81] preserve prompt and exact branch certification
